BMW,3-Series,N/A,119521,2013
BMW,5-Series,N/A,56863,2013
BMW,6-Series,N/A,9762,2013
BMW,7-Series,N/A,10932,2013
BMW,i3,N/A,0,2013
BMW,i8,N/A,0,2013
BMW,Z4,N/A,2480,2013
BMW,X1,N/A,26512,2013
BMW,X3,N/A,30623,2013
BMW,X4,N/A,0,2013
BMW,X5,N/A,39818,2013
BMW,X6,N/A,5549,2013
Mini,Cooper,Hardtop,26954,2013
Mini,Cooper,Convertible,4460,2013
Mini,Cooper,Clubman,5155,2013
Mini,Cooper,Roadster,2806,2013
Mini,Cooper,Coupe,2540,2013
Mini,Countryman,N/A,21325,2013
Mini,Paceman,N/A,3262,2013
Chrysler,200,N/A,122480,2013
Chrysler,300,N/A,57724,2013
Chrysler,Town & Country,N/A,122288,2013
Dodge,Avenger,N/A,93842,2013
Dodge,Caliber,N/A,45,2013
Dodge,Challenger,N/A,51462,2013
Dodge,Charger,N/A,98336,2013
Dodge,Dart,N/A,83388,2013
Dodge,Viper,N/A,591,2013
Dodge,Grand,Caravan,124019,2013
Dodge,Durango,N/A,60727,2013
Dodge,Journey,N/A,83933,2013
Jeep,Cherokee,N/A,25786,2013
Jeep,Compass,N/A,52993,2013
Jeep,Grand,Cherokee,174275,2013
Jeep,Liberty,N/A,6101,2013
Jeep,Patriot,N/A,75797,2013
Jeep,Wrangler,N/A,155502,2013
Ram,Cargo,Van,8900,2013
Ram,ProMaster,N/A,3270,2013
Ram,P/U,N/A,355673,2013
Alfa,Romeo,4C,0,2013
Fiat,500,N/A,35834,2013
Fiat,500L,N/A,7402,2013
Ford,C-Max,N/A,35210,2013
Ford,Fiesta,N/A,71073,2013
Ford,Focus,N/A,234570,2013
Ford,Fusion,N/A,295280,2013
Ford,Mustang,N/A,77186,2013
Ford,Taurus,N/A,79960,2013
Ford,E-Series,N/A,125356,2013
Ford,Edge,N/A,129109,2013
Ford,Escape,N/A,295993,2013
Ford,Expedition,N/A,38350,2013
Ford,Explorer,N/A,192397,2013
Ford,F-Series,N/A,763402,2013
Ford,Flex,N/A,25953,2013
Ford,Transit,N/A,0,2013
Ford,Transit,Connect,39703,2013
Lincoln,MKS,N/A,10793,2013
Lincoln,MKZ,N/A,32361,2013
Lincoln,MKC,N/A,0,2013
Lincoln,MKT,N/A,6014,2013
Lincoln,MKX,N/A,23913,2013
Lincoln,Navigator,N/A,8613,2013
Buick,LaCrosse,N/A,48798,2013
Buick,Lucerne,N/A,9,2013
Buick,Regal,N/A,18685,2013
Buick,Verano,N/A,45527,2013
Buick,Enclave,N/A,60534,2013
Buick,Encore,N/A,31956,2013
Cadillac,ATS,N/A,38319,2013
Cadillac,CTS,N/A,32343,2013
Cadillac,DTS,N/A,19,2013
Cadillac,ELR,N/A,6,2013
Cadillac,STS,N/A,7,2013
Cadillac,XTS,N/A,32559,2013
Cadillac,Escalade,Family,22514,2013
Cadillac,Escalade,ESV,7950,2013
Cadillac,Escalade,EXT,1972,2013
Cadillac,SRX,N/A,56776,2013
Chevrolet,Aveo,N/A,2,2013
Chevrolet,Camaro,N/A,80567,2013
Chevrolet,Caprice,PPV,3899,2013
Chevrolet,Corvette,N/A,17291,2013
Chevrolet,Cruze,N/A,248224,2013
Chevrolet,HHR,N/A,3,2013
Chevrolet,Impala,N/A,156797,2013
Chevrolet,Malibu,N/A,200594,2013
Chevrolet,Sonic,N/A,85646,2013
Chevrolet,Spark,N/A,34130,2013
Chevrolet,SS,N/A,418,2013
Chevrolet,Volt,N/A,23094,2013
Chevrolet,Avalanche,N/A,16526,2013
Chevrolet,Captiva,Sport,47600,2013
Chevrolet,City,Express,0,2013
Chevrolet,Colorado,N/A,3412,2013
Chevrolet,Equinox,N/A,238192,2013
Chevrolet,Express,N/A,79087,2013
Chevrolet,Silverado,N/A,480414,2013
Chevrolet,Suburban,N/A,51260,2013
Chevrolet,Tahoe,N/A,83502,2013
Chevrolet,Traverse,N/A,96467,2013
Chevrolet,Trax,N/A,0,2013
GMC,Acadia,N/A,89793,2013
GMC,Canyon,N/A,929,2013
GMC,Savana,N/A,16705,2013
GMC,Sierra,N/A,184389,2013
GMC,Terrain,N/A,99525,2013
GMC,Yukon,N/A,28302,2013
GMC,Yukon,XL,31258,2013
Acura,ILX,N/A,20430,2013
Acura,RLX/RL,N/A,5053,2013
Acura,TL,N/A,24318,2013
Acura,TLX,N/A,0,2013
Acura,TSX,N/A,17484,2013
Acura,TSX,Sedan,15508,2013
Acura,TSX,SportWagon,1976,2013
Acura,MDX,N/A,53040,2013
Acura,RDX,N/A,44750,2013
Acura,ZDX,N/A,361,2013
Honda,Accord,N/A,366678,2013
Honda,Civic,N/A,336180,2013
Honda,Crosstour,N/A,16847,2013
Honda,CR-Z,N/A,4550,2013
Honda,FCX,N/A,10,2013
Honda,Fit,N/A,53513,2013
Honda,Insight,N/A,4802,2013
Honda,S2000,N/A,2,2013
Honda,CR-V,N/A,303904,2013
Honda,Element,N/A,2,2013
Honda,Odyssey,N/A,128987,2013
Honda,Pilot,N/A,126678,2013
Honda,Ridgeline,N/A,17723,2013
Hyundai,Accent,N/A,60458,2013
Hyundai,Azera,N/A,11221,2013
Hyundai,Elantra,N/A,247912,2013
Hyundai,Equus,N/A,3578,2013
Hyundai,Genesis,N/A,32330,2013
Hyundai,Sonata,N/A,203648,2013
Hyundai,Veloster,N/A,30711,2013
Hyundai,Santa,Fe,88844,2013
Hyundai,Tucson,N/A,41906,2013
Hyundai,Veracruz,N/A,175,2013
Kia,Cadenza,N/A,8626,2013
Kia,Forte,N/A,66146,2013
Kia,K900,N/A,0,2013
Kia,Optima,N/A,155893,2013
Kia,Rio,N/A,40742,2013
Kia,Soul,N/A,118079,2013
Kia,Sedona,N/A,7079,2013
Kia,Sorento,N/A,105649,2013
Kia,Sportage,N/A,32965,2013
Jaguar,F-Type,N/A,2250,2013
Jaguar,XF,N/A,7922,2013
Jaguar,XJ,N/A,5434,2013
Jaguar,XK,N/A,1346,2013
Land-Rover,LR2,N/A,3315,2013
Land-Rover,LR4,N/A,7093,2013
Land-Rover,Range-Rover,N/A,12221,2013
Land-Rover,Range-Rover-Evoque,N/A,11405,2013
Land-Rover,Range-Rover-Sport,N/A,15976,2013
Mazda,2,N/A,11757,2013
Mazda,3,N/A,104713,2013
Mazda,6,N/A,43637,2013
Mazda,MX-5,Miata,5780,2013
Mazda,RX-8,N/A,1,2013
Mazda,CX-5,N/A,79544,2013
Mazda,CX-9,N/A,24628,2013
Mazda,5,N/A,13884,2013
Mazda,Tribute,N/A,2,2013
Mercedes-Benz,Sprinter,N/A,21816,2013
Smart,Fortwo,N/A,9264,2013
Mercedes-Benz,B-Class,N/A,20,2013
Mercedes-Benz,C-Class,N/A,88251,2013
Mercedes-Benz,CL-Class,N/A,476,2013
Mercedes-Benz,CLA-Class,N/A,14113,2013
Mercedes-Benz,CLK-Class,N/A,0,2013
Mercedes-Benz,CLS-Class,N/A,8032,2013
Mercedes-Benz,E-Class,N/A,69803,2013
Mercedes-Benz,R-Class,N/A,30,2013
Mercedes-Benz,S-Class,N/A,13303,2013
Mercedes-Benz,SL-Class,N/A,7007,2013
Mercedes-Benz,SLK-Class,N/A,4757,2013
Mercedes-Benz,SLS,AMG,451,2013
Mercedes-Benz,G-Class,N/A,2494,2013
Mercedes-Benz,GL-Class,N/A,29912,2013
Mercedes-Benz,GLA-Class,N/A,0,2013
Mercedes-Benz,GLK-Class,N/A,32553,2013
Mercedes-Benz,M-Class,N/A,41326,2013
Mitsubishi,Eclipse,N/A,109,2013
Mitsubishi,Galant,N/A,1441,2013
Mitsubishi,i-MiEV,N/A,1029,2013
Mitsubishi,Lancer,N/A,19451,2013
Mitsubishi,Mirage,N/A,2935,2013
Mitsubishi,Endeavor,N/A,24,2013
Mitsubishi,Outlander,N/A,12287,2013
Mitsubishi,Outlander-Sport,N/A,24951,2013
Infiniti,Q40/G,Sedan,30256,2013
Infiniti,Q60,N/A,9806,2013
Infiniti,Q70/M,N/A,5283,2013
Infiniti,Q50,N/A,17816,2013
Infiniti,QX50/EX,N/A,2164,2013
Infiniti,QX70/FX,N/A,6380,2013
Infiniti,QX60/JX,N/A,31602,2013
Infiniti,QX80/QX56,N/A,13148,2013
Nissan,370Z,N/A,6561,2013
Nissan,Altima,N/A,320723,2013
Nissan,Cube,N/A,5461,2013
Nissan,GT-R,N/A,1236,2013
Nissan,Leaf,N/A,22610,2013
Nissan,Maxima,N/A,53896,2013
Nissan,Sentra,N/A,129143,2013
Nissan,Versa,N/A,117352,2013
Nissan,Armada,N/A,14383,2013
Nissan,Frontier,N/A,62837,2013
Nissan,Juke,N/A,38157,2013
Nissan,Murano,N/A,44684,2013
Nissan,NV,N/A,12589,2013
Nissan,NV200,N/A,4619,2013
Nissan,Pathfinder,N/A,88632,2013
Nissan,Quest,N/A,12874,2013
Nissan,Rogue,N/A,162751,2013
Nissan,Titan,N/A,15691,2013
Nissan,Xterra,N/A,17766,2013
Subaru,BRZ,N/A,8587,2013
Subaru,Impreza,N/A,76825,2013
Subaru,Impreza,N/A,58856,2013
Subaru,Impreza,WRX/STi,17969,2013
Subaru,Legacy,N/A,42291,2013
Subaru,Outback,N/A,118049,2013
Subaru,XV-Crosstrek,N/A,53741,2013
Subaru,Forester,N/A,123592,2013
Subaru,Tribeca,N/A,1598,2013
Suzuki,Kizashi,N/A,1602,2013
Suzuki,SX4,N/A,2859,2013
Suzuki,Equator,N/A,448,2013
Suzuki,Grand,Vitara,1037,2013
Lexus,CT200h,N/A,15071,2013
Lexus,ES,N/A,72581,2013
Lexus,GS,N/A,19742,2013
Lexus,HS,N/A,5,2013
Lexus,IS,N/A,35017,2013
Lexus,LFA,N/A,23,2013
Lexus,LS,N/A,10727,2013
Lexus,RC,N/A,0,2013
Lexus,GX460,N/A,12136,2013
Lexus,LX570,N/A,4625,2013
Lexus,NX,N/A,0,2013
Lexus,RX,N/A,103920,2013
Scion,FR-S,N/A,18327,2013
Scion,iQ,N/A,4046,2013
Scion,tC,N/A,19094,2013
Scion,xB,N/A,17849,2013
Scion,xD,N/A,9005,2013
Toyota,Avalon,N/A,70990,2013
Toyota,Camry,N/A,408484,2013
Toyota,Corolla/Matrix,N/A,302180,2013
Toyota,Prius,C,41979,2013
Toyota,Prius,V,34989,2013
Toyota,Prius,N/A,157260,2013
Toyota,Prius,N/A,145172,2013
Toyota,Prius-Plug-In,N/A,12088,2013
Toyota,Venza,N/A,35846,2013
Toyota,Yaris,N/A,21342,2013
Toyota,4Runner,N/A,51625,2013
Toyota,FJ Cruiser,N/A,13131,2013
Toyota,Highlander,N/A,127572,2013
Toyota,Land Cruiser,N/A,3082,2013
Toyota,RAV4,N/A,218249,2013
Toyota,Sequoia,N/A,13811,2013
Toyota,Sienna,N/A,121117,2013
Toyota,Tacoma,N/A,159485,2013
Toyota,Tundra,N/A,112732,2013
Audi,A3,N/A,857,2013
Audi,A4,N/A,42130,2013
Audi,A4,Sedan/Avant,36744,2013
Audi,A4,Allroad,5386,2013
Audi,A5,N/A,18664,2013
Audi,A6,N/A,22428,2013
Audi,A7,N/A,8483,2013
Audi,A8,N/A,6300,2013
Audi,R8,N/A,813,2013
Audi,TT,N/A,2053,2013
Audi,Q3,N/A,0,2013
Audi,Q5,N/A,40355,2013
Audi,Q7,N/A,15978,2013
Porsche,911,N/A,10442,2013
Porsche,918,Spyder,0,2013
Porsche,Boxster,N/A,4570,2013
Porsche,Cayman,N/A,3383,2013
Porsche,Panamera,N/A,5421,2013
Porsche,Cayenne,N/A,18507,2013
Porsche,Macan,N/A,0,2013
Volkswagen,Beetle,N/A,43134,2013
Volkswagen,Beetle,Coupe,25084,2013
Volkswagen,Beetle,Convertible,18050,2013
Volkswagen,CC,N/A,15672,2013
Volkswagen,Eos,N/A,4178,2013
Volkswagen,Golf,N/A,30931,2013
Volkswagen,Golf,GTI,13310,2013
Volkswagen,Golf,N/A,16023,2013
Volkswagen,e-Golf,N/A,0,2013
Volkswagen,Golf,R,1598,2013
Volkswagen,Jetta,N/A,163793,2013
Volkswagen,Jetta,Sedan,141259,2013
Volkswagen,Jetta,SportWagen,22534,2013
Volkswagen,Passat,N/A,109652,2013
Volkswagen,Routan,N/A,2109,2013
Volkswagen,Tiguan,N/A,30002,2013
Volkswagen,Touareg,N/A,8233,2013
Volvo,C30,N/A,1361,2013
Volvo,S60,N/A,23210,2013
Volvo,C70,N/A,3234,2013
Volvo,XC70,N/A,4882,2013
Volvo,S80,N/A,1935,2013
Volvo,XC60,N/A,19766,2013
Volvo,XC90,N/A,6845,2013
Tesla,Model,S,18195,2013
BMW,3-Series,N/A,142232,2014
BMW,5-Series,N/A,52704,2014
BMW,6-Series,N/A,8647,2014
BMW,7-Series,N/A,9744,2014
BMW,i3,N/A,6092,2014
BMW,i8,N/A,555,2014
BMW,Z4,N/A,2151,2014
BMW,X1,N/A,22808,2014
BMW,X3,N/A,33824,2014
BMW,X4,N/A,2709,2014
BMW,X5,N/A,47031,2014
BMW,X6,N/A,3896,2014
Mini,Cooper,Hardtop,22843,2014
Mini,Cooper,Convertible,3536,2014
Mini,Cooper,Clubman,2613,2014
Mini,Cooper,Roadster,1437,2014
Mini,Cooper,Coupe,956,2014
Mini,Countryman,N/A,22645,2014
Mini,Paceman,N/A,2082,2014
Chrysler,200,N/A,117363,2014
Chrysler,300,N/A,53382,2014
Chrysler,Town & Country,N/A,138040,2014
Dodge,Avenger,N/A,51705,2014
Dodge,Caliber,N/A,0,2014
Dodge,Challenger,N/A,51611,2014
Dodge,Charger,N/A,94099,2014
Dodge,Dart,N/A,83858,2014
Dodge,Viper,N/A,760,2014
Dodge,Grand,Caravan,134152,2014
Dodge,Durango,N/A,64398,2014
Dodge,Journey,N/A,93572,2014
Jeep,Cherokee,N/A,178508,2014
Jeep,Compass,N/A,61264,2014
Jeep,Grand,Cherokee,183786,2014
Jeep,Liberty,N/A,0,2014
Jeep,Patriot,N/A,93462,2014
Jeep,Wrangler,N/A,175328,2014
Ram,Cargo,Van,11311,2014
Ram,ProMaster,N/A,18039,2014
Ram,P/U,N/A,439789,2014
Alfa,Romeo,4C,91,2014
Fiat,500,N/A,33708,2014
Fiat,500L,N/A,12413,2014
Ford,C-Max,N/A,27595,2014
Ford,Fiesta,N/A,63192,2014
Ford,Focus,N/A,219634,2014
Ford,Fusion,N/A,306860,2014
Ford,Mustang,N/A,82635,2014
Ford,Taurus,N/A,62629,2014
Ford,E-Series,N/A,103263,2014
Ford,Edge,N/A,108864,2014
Ford,Escape,N/A,306212,2014
Ford,Expedition,N/A,44632,2014
Ford,Explorer,N/A,209994,2014
Ford,F-Series,N/A,753851,2014
Ford,Flex,N/A,23822,2014
Ford,Transit,N/A,20448,2014
Ford,Transit,Connect,43210,2014
Lincoln,MKS,N/A,8160,2014
Lincoln,MKZ,N/A,34009,2014
Lincoln,MKC,N/A,13077,2014
Lincoln,MKT,N/A,4800,2014
Lincoln,MKX,N/A,23995,2014
Lincoln,Navigator,N/A,10433,2014
Buick,LaCrosse,N/A,51468,2014
Buick,Lucerne,N/A,0,2014
Buick,Regal,N/A,22560,2014
Buick,Verano,N/A,43743,2014
Buick,Enclave,N/A,62300,2014
Buick,Encore,N/A,48892,2014
Cadillac,ATS,N/A,29890,2014
Cadillac,CTS,N/A,31115,2014
Cadillac,DTS,N/A,0,2014
Cadillac,ELR,N/A,1310,2014
Cadillac,STS,N/A,0,2014
Cadillac,XTS,N/A,24335,2014
Cadillac,Escalade,Family,30522,2014
Cadillac,Escalade,ESV,10987,2014
Cadillac,Escalade,EXT,53,2014
Cadillac,SRX,N/A,53578,2014
Chevrolet,Aveo,N/A,0,2014
Chevrolet,Camaro,N/A,86297,2014
Chevrolet,Caprice,PPV,3727,2014
Chevrolet,Corvette,N/A,34839,2014
Chevrolet,Cruze,N/A,273060,2014
Chevrolet,HHR,N/A,0,2014
Chevrolet,Impala,N/A,140280,2014
Chevrolet,Malibu,N/A,188519,2014
Chevrolet,Sonic,N/A,93518,2014
Chevrolet,Spark,N/A,39159,2014
Chevrolet,SS,N/A,2479,2014
Chevrolet,Volt,N/A,18805,2014
Chevrolet,Avalanche,N/A,92,2014
Chevrolet,Captiva,Sport,35368,2014
Chevrolet,City,Express,530,2014
Chevrolet,Colorado,N/A,8003,2014
Chevrolet,Equinox,N/A,242242,2014
Chevrolet,Express,N/A,79352,2014
Chevrolet,Silverado,N/A,529755,2014
Chevrolet,Suburban,N/A,55009,2014
Chevrolet,Tahoe,N/A,97726,2014
Chevrolet,Traverse,N/A,103943,2014
Chevrolet,Trax,N/A,739,2014
GMC,Acadia,N/A,83972,2014
GMC,Canyon,N/A,3070,2014
GMC,Savana,N/A,26641,2014
GMC,Sierra,N/A,211833,2014
GMC,Terrain,N/A,105016,2014
GMC,Yukon,N/A,41569,2014
GMC,Yukon,XL,29752,2014
Acura,ILX,N/A,17854,2014
Acura,RLX/RL,N/A,3413,2014
Acura,TL,N/A,10616,2014
Acura,TLX,N/A,19127,2014
Acura,TSX,N/A,6287,2014
Acura,TSX,Sedan,5647,2014
Acura,TSX,SportWagon,640,2014
Acura,MDX,N/A,65603,2014
Acura,RDX,N/A,44865,2014
Acura,ZDX,N/A,78,2014
Honda,Accord,N/A,388374,2014
Honda,Civic,N/A,325981,2014
Honda,Crosstour,N/A,11802,2014
Honda,CR-Z,N/A,3562,2014
Honda,FCX,N/A,2,2014
Honda,Fit,N/A,59340,2014
Honda,Insight,N/A,3965,2014
Honda,S2000,N/A,0,2014
Honda,CR-V,N/A,335019,2014
Honda,Element,N/A,0,2014
Honda,Odyssey,N/A,122738,2014
Honda,Pilot,N/A,108857,2014
Honda,Ridgeline,N/A,13389,2014
Hyundai,Accent,N/A,63309,2014
Hyundai,Azera,N/A,7232,2014
Hyundai,Elantra,N/A,222023,2014
Hyundai,Equus,N/A,3415,2014
Hyundai,Genesis,N/A,29992,2014
Hyundai,Sonata,N/A,216936,2014
Hyundai,Veloster,N/A,27598,2014
Hyundai,Santa,Fe,107906,2014
Hyundai,Tucson,N/A,47306,2014
Hyundai,Veracruz,N/A,1,2014
Kia,Cadenza,N/A,9267,2014
Kia,Forte,N/A,69336,2014
Kia,K900,N/A,1330,2014
Kia,Optima,N/A,159020,2014
Kia,Rio,N/A,35933,2014
Kia,Soul,N/A,145316,2014
Kia,Sedona,N/A,14567,2014
Kia,Sorento,N/A,102520,2014
Kia,Sportage,N/A,42945,2014
Jaguar,F-Type,N/A,4112,2014
Jaguar,XF,N/A,5880,2014
Jaguar,XJ,N/A,4329,2014
Jaguar,XK,N/A,1452,2014
Land-Rover,LR2,N/A,3619,2014
Land-Rover,LR4,N/A,4679,2014
Land-Rover,Range-Rover,N/A,12830,2014
Land-Rover,Range-Rover-Evoque,N/A,12440,2014
Land-Rover,Range-Rover-Sport,N/A,17897,2014
Mazda,2,N/A,13615,2014
Mazda,3,N/A,104985,2014
Mazda,6,N/A,53224,2014
Mazda,MX-5,Miata,4745,2014
Mazda,RX-8,N/A,1,2014
Mazda,CX-5,N/A,99122,2014
Mazda,CX-9,N/A,18496,2014
Mazda,5,N/A,11613,2014
Mazda,Tribute,N/A,0,2014
Mercedes-Benz,Sprinter,N/A,25745,2014
Smart,Fortwo,N/A,10453,2014
Mercedes-Benz,B-Class,N/A,776,2014
Mercedes-Benz,C-Class,N/A,75065,2014
Mercedes-Benz,CL-Class,N/A,221,2014
Mercedes-Benz,CLA-Class,N/A,27365,2014
Mercedes-Benz,CLK-Class,N/A,3,2014
Mercedes-Benz,CLS-Class,N/A,6981,2014
Mercedes-Benz,E-Class,N/A,66400,2014
Mercedes-Benz,R-Class,N/A,8,2014
Mercedes-Benz,S-Class,N/A,25276,2014
Mercedes-Benz,SL-Class,N/A,5030,2014
Mercedes-Benz,SLK-Class,N/A,4737,2014
Mercedes-Benz,SLS,AMG,232,2014
Mercedes-Benz,G-Class,N/A,3090,2014
Mercedes-Benz,GL-Class,N/A,26597,2014
Mercedes-Benz,GLA-Class,N/A,6884,2014
Mercedes-Benz,GLK-Class,N/A,35000,2014
Mercedes-Benz,M-Class,N/A,46726,2014
Mitsubishi,Eclipse,N/A,0,2014
Mitsubishi,Galant,N/A,122,2014
Mitsubishi,i-MiEV,N/A,196,2014
Mitsubishi,Lancer,N/A,16495,2014
Mitsubishi,Mirage,N/A,16708,2014
Mitsubishi,Endeavor,N/A,0,2014
Mitsubishi,Outlander,N/A,13068,2014
Mitsubishi,Outlander-Sport,N/A,31054,2014
Infiniti,Q40/G,Sedan,15590,2014
Infiniti,Q60,N/A,7740,2014
Infiniti,Q70/M,N/A,5034,2014
Infiniti,Q50,N/A,36899,2014
Infiniti,QX50/EX,N/A,2727,2014
Infiniti,QX70/FX,N/A,5213,2014
Infiniti,QX60/JX,N/A,31192,2014
Infiniti,QX80/QX56,N/A,12935,2014
Nissan,370Z,N/A,7199,2014
Nissan,Altima,N/A,335644,2014
Nissan,Cube,N/A,3785,2014
Nissan,GT-R,N/A,1436,2014
Nissan,Leaf,N/A,30200,2014
Nissan,Maxima,N/A,50401,2014
Nissan,Sentra,N/A,183268,2014
Nissan,Versa,N/A,139781,2014
Nissan,Armada,N/A,12593,2014
Nissan,Frontier,N/A,74323,2014
Nissan,Juke,N/A,38184,2014
Nissan,Murano,N/A,47301,2014
Nissan,NV,N/A,14890,2014
Nissan,NV200,N/A,13385,2014
Nissan,Pathfinder,N/A,79111,2014
Nissan,Quest,N/A,9833,2014
Nissan,Rogue,N/A,199199,2014
Nissan,Titan,N/A,12527,2014
Nissan,Xterra,N/A,16505,2014
Subaru,BRZ,N/A,7504,2014
Subaru,Impreza,N/A,83488,2014
Subaru,Impreza,N/A,57996,2014
Subaru,Impreza,WRX/STi,25492,2014
Subaru,Legacy,N/A,52270,2014
Subaru,Outback,N/A,138790,2014
Subaru,XV,Crosstrek,70956,2014
Subaru,Forester,N/A,159953,2014
Subaru,Tribeca,N/A,732,2014
Suzuki,Kizashi,N/A,0,2014
Suzuki,SX4,N/A,0,2014
Suzuki,Equator,N/A,0,2014
Suzuki,Grand,Vitara,0,2014
Lexus,CT200h,N/A,17673,2014
Lexus,ES,N/A,72508,2014
Lexus,GS,N/A,22198,2014
Lexus,HS,N/A,0,2014
Lexus,IS,N/A,51358,2014
Lexus,LFA,N/A,17,2014
Lexus,LS,N/A,8559,2014
Lexus,RC,N/A,1922,2014
Lexus,GX460,N/A,22685,2014
Lexus,LX570,N/A,4052,2014
Lexus,NX,N/A,2927,2014
Lexus,RX,N/A,107490,2014
Scion,FR-S,N/A,14062,2014
Scion,iQ,N/A,2040,2014
Scion,tC,N/A,17947,2014
Scion,xB,N/A,16583,2014
Scion,xD,N/A,7377,2014
Toyota,Avalon,N/A,67183,2014
Toyota,Camry,N/A,428606,2014
Toyota,Corolla/Matrix,N/A,339498,2014
Toyota,Prius,C,40570,2014
Toyota,Prius,V,30762,2014
Toyota,Prius,N/A,136040,2014
Toyota,Prius,N/A,122776,2014
Toyota,Prius-Plug-In,N/A,13264,2014
Toyota,Venza,N/A,29991,2014
Toyota,Yaris,N/A,13274,2014
Toyota,4Runner,N/A,76906,2014
Toyota,FJ,Cruiser,14718,2014
Toyota,Highlander,N/A,146127,2014
Toyota,Land,Cruiser,3158,2014
Toyota,RAV4,N/A,267698,2014
Toyota,Sequoia,N/A,11806,2014
Toyota,Sienna,N/A,124502,2014
Toyota,Tacoma,N/A,155041,2014
Toyota,Tundra,N/A,118493,2014
Audi,A3,N/A,22250,2014
Audi,A4,N/A,38679,2014
Audi,A4,Sedan/Avant,33993,2014
Audi,A4,Allroad,4686,2014
Audi,A5,N/A,16620,2014
Audi,A6,N/A,23941,2014
Audi,A7,N/A,8133,2014
Audi,A8,N/A,5904,2014
Audi,R8,N/A,735,2014
Audi,TT,N/A,1158,2014
Audi,Q3,N/A,3654,2014
Audi,Q5,N/A,42420,2014
Audi,Q7,N/A,18517,2014
Porsche,911,N/A,10433,2014
Porsche,918,Spyder,96,2014
Porsche,Boxster,N/A,3875,2014
Porsche,Cayman,N/A,3417,2014
Porsche,Panamera,N/A,5740,2014
Porsche,Cayenne,N/A,16205,2014
Porsche,Macan,N/A,7241,2014
Volkswagen,Beetle,N/A,29182,2014
Volkswagen,Beetle,Coupe,17414,2014
Volkswagen,Beetle,Convertible,11768,2014
Volkswagen,CC,N/A,9995,2014
Volkswagen,Eos,N/A,3411,2014
Volkswagen,Golf,N/A,33675,2014
Volkswagen,Golf,GTI,17362,2014
Volkswagen,Golf,N/A,15941,2014
Volkswagen,e-Golf,N/A,357,2014
Volkswagen,Golf,R,15,2014
Volkswagen,Jetta,N/A,160873,2014
Volkswagen,Jetta,Sedan,141354,2014
Volkswagen,Jetta,SportWagen,19519,2014
Volkswagen,Passat,N/A,96649,2014
Volkswagen,Routan,N/A,1103,2014
Volkswagen,Tiguan,N/A,25121,2014
Volkswagen,Touareg,N/A,6961,2014
Volvo,C30,N/A,66,2014
Volvo,S60,N/A,20457,2014
Volvo,V60,N/A,4990,2014
Volvo,C70,N/A,779,2014
Volvo,XC70,N/A,5093,2014
Volvo,S80,N/A,1753,2014
Volvo,XC60,N/A,19276,2014
Volvo,XC90,N/A,3952,2014
Tesla,Model,S,16550,2014
BMW,3-Series,N/A,89265,2015
BMW,4-Series,N/A,40481,2015
BMW,5-Series,N/A,41177,2015
BMW,6-Series,N/A,6685,2015
BMW,7-Series,N/A,8026,2015
BMW,i3,N/A,9602,2015
BMW,i8,N/A,1609,2015
BMW,Z4,N/A,1576,2015
BMW,X1,N/A,12651,2015
BMW,X3,N/A,28798,2015
BMW,X4,N/A,5545,2015
BMW,X5,N/A,48747,2015
BMW,X6,N/A,6359,2015
Mini,Cooper,N/A,37297,2015
Mini,Cooper,2-Door,18822,2015
Mini,Cooper,4-Door,13942,2015
Mini,Cooper,Convertible,2951,2015
Mini,Cooper,Roadster,1099,2015
Mini,Cooper,Coupe,455,2015
Mini,Cooper,Clubman,28,2015
Mini,Countryman,N/A,14538,2015
Mini,Paceman,N/A,1670,2015
Chrysler,200,N/A,169310,2015
Chrysler,300,N/A,48253,2015
Chrysler,Town & Country,N/A,82991,2015
Dodge,Avenger,N/A,1193,2015
Dodge,Challenger,N/A,61621,2015
Dodge,Charger,N/A,86058,2015
Dodge,Dart,N/A,80661,2015
Dodge,Viper,N/A,613,2015
Dodge,Grand Caravan,N/A,84471,2015
Dodge,Durango,N/A,56562,2015
Dodge,Journey,N/A,96718,2015
Jeep,Cherokee,N/A,196211,2015
Jeep,Compass,N/A,57873,2015
Jeep,Grand Cherokee,N/A,174950,2015
Jeep,Patriot,N/A,107258,2015
Jeep,Renegade,N/A,51971,2015
Jeep,Wrangler,N/A,187111,2015
Ram,Cargo Van,N/A,3184,2015
Ram,ProMaster,N/A,24066,2015
Ram,ProMaster,City,8113,2015
Ram,P/U,N/A,407981,2015
Alfa Romeo,4C,N/A,606,2015
Fiat,500,N/A,23583,2015
Fiat,500L,N/A,7555,2015
Fiat,500X,N/A,7467,2015
Ford,C-Max,N/A,20352,2015
Ford,Fiesta,N/A,60908,2015
Ford,Focus,N/A,191473,2015
Ford,Fusion,N/A,274594,2015
Ford,Mustang,N/A,113607,2015
Ford,Taurus,N/A,44794,2015
Ford,E-Series,N/A,47066,2015
Ford,Edge,N/A,113857,2015
Ford,Escape,N/A,278538,2015
Ford,Expedition,N/A,37387,2015
Ford,Explorer,N/A,227584,2015
Ford,F-Series,N/A,695143,2015
Ford,Flex,N/A,17835,2015
Ford,Transit,N/A,105030,2015
Ford,Transit,Connect,46941,2015
Lincoln,MKS,N/A,6406,2015
Lincoln,MKZ,N/A,27694,2015
Lincoln,MKC,N/A,22024,2015
Lincoln,MKT,N/A,4290,2015
Lincoln,MKX,N/A,19239,2015
Lincoln,Navigator,N/A,10714,2015
Buick,LaCrosse,N/A,38877,2015
Buick,Regal,N/A,16933,2015
Buick,Verano,N/A,29341,2015
Buick,Enclave,N/A,56145,2015
Buick,Encore,N/A,61051,2015
Cadillac,ATS,N/A,23422,2015
Cadillac,CTS,N/A,17044,2015
Cadillac,ELR,N/A,889,2015
Cadillac,XTS,N/A,20042,2015
Cadillac,Escalade,N/A,31264,2015
Cadillac,Escalade,*,18487,2015
Cadillac,Escalade,ESV,12775,2015
Cadillac,Escalade,EXT,2,2015
Cadillac,SRX,N/A,61819,2015
Chevrolet,Camaro,N/A,72136,2015
Chevrolet,Caprice,PPV,1625,2015
Chevrolet,Corvette,N/A,30876,2015
Chevrolet,Cruze,N/A,209753,2015
Chevrolet,Impala,N/A,107765,2015
Chevrolet,Malibu,N/A,182699,2015
Chevrolet,Sonic,N/A,57482,2015
Chevrolet,Spark,N/A,31469,2015
Chevrolet,SS,N/A,2761,2015
Chevrolet,Volt,N/A,13279,2015
Chevrolet,Avalanche,N/A,8,2015
Chevrolet,Captiva,Sport,55,2015
Chevrolet,City,Express,9195,2015
Chevrolet,Colorado,N/A,76521,2015
Chevrolet,Equinox,N/A,255762,2015
Chevrolet,Express,N/A,56021,2015
Chevrolet,Silverado,N/A,537552,2015
Chevrolet,Suburban,N/A,44516,2015
Chevrolet,Tahoe,N/A,78569,2015
Chevrolet,Traverse,N/A,110802,2015
Chevrolet,Trax,N/A,57707,2015
GMC,Acadia,N/A,89127,2015
GMC,Canyon,N/A,27077,2015
GMC,Savana,N/A,19211,2015
GMC,Sierra,N/A,196701,2015
GMC,Terrain,N/A,102381,2015
GMC,Yukon,N/A,37461,2015
GMC,Yukon,XL,26798,2015
Acura,ILX,N/A,16571,2015
Acura,RLX,N/A,2036,2015
Acura,TL,N/A,88,2015
Acura,TLX,N/A,43572,2015
Acura,TSX,N/A,35,2015
Acura,MDX,N/A,51954,2015
Acura,RDX,N/A,46084,2015
Acura,ZDX,N/A,2,2015
Honda,Accord,N/A,320501,2015
Honda,Civic,N/A,302588,2015
Honda,Crosstour,N/A,8491,2015
Honda,CR-Z,N/A,2757,2015
Honda,FCX,N/A,0,2015
Honda,Fit,N/A,48527,2015
Honda,Insight,N/A,1436,2015
Honda,CR-V,N/A,314462,2015
Honda,HR-V,N/A,37232,2015
Honda,Odyssey,N/A,115936,2015
Honda,Pilot,N/A,122868,2015
Honda,Ridgeline,N/A,518,2015
Hyundai,Accent,N/A,58768,2015
Hyundai,Azera,N/A,5181,2015
Hyundai,Elantra,N/A,227464,2015
Hyundai,Equus,N/A,2131,2015
Hyundai,Genesis,N/A,28280,2015
Hyundai,Sonata,N/A,190483,2015
Hyundai,Veloster,N/A,21999,2015
Hyundai,Santa,Fe,108616,2015
Hyundai,Tucson,N/A,55280,2015
Hyundai,Veracruz,N/A,0,2015
Kia,Cadenza,N/A,6745,2015
Kia,Forte,N/A,73508,2015
Kia,K900,N/A,2362,2015
Kia,Optima,N/A,145732,2015
Kia,Rio,N/A,22745,2015
Kia,Soul,N/A,134974,2015
Kia,Sedona,N/A,34439,2015
Kia,Sorento,N/A,103377,2015
Kia,Sportage,N/A,47695,2015
Jaguar,F-Type,N/A,4199,2015
Jaguar,XF,N/A,5374,2015
Jaguar,XJ,N/A,3404,2015
Jaguar,XK,N/A,292,2015
Land-Rover,Discovery,Sport,5937,2015
Land-Rover,LR2,N/A,76,2015
Land-Rover,LR4,N/A,7716,2015
Land-Rover,Range-Rover,N/A,15986,2015
Land-Rover,Range-Rover,Evoque,13213,2015
Land-Rover,Range-Rover,Sport,19213,2015
Mazda,2,N/A,296,2015
Mazda,3,N/A,98047,2015
Mazda,6,N/A,53729,2015
Mazda,MX-5,Miata,7885,2015
Mazda,CX-3,N/A,4743,2015
Mazda,CX-5,N/A,100033,2015
Mazda,CX-9,N/A,16846,2015
Mazda,5,N/A,8310,2015
Mercedes-Benz,Sprinter/Metris,N/A,25843,2015
Smart,Fortwo,N/A,6815,2015
Mercedes-AMG,GT,N/A,1115,2015
Mercedes-Benz,B-Class,N/A,1809,2015
Mercedes-Benz,C-Class,N/A,79057,2015
Mercedes-Benz,CL-Class,N/A,54,2015
Mercedes-Benz,CLA-Class,N/A,27731,2015
Mercedes-Benz,CLK-Class,N/A,0,2015
Mercedes-Benz,CLS-Class,N/A,5571,2015
Mercedes-Benz,E-Class,N/A,44737,2015
Mercedes-Benz,R-Class,N/A,4,2015
Mercedes-Benz,S-Class,N/A,19771,2015
Mercedes-Benz,SL-Class,N/A,3680,2015
Mercedes-Benz,SLK-Class,N/A,3892,2015
Mercedes-Benz,SLS,AMG,29,2015
Mercedes-Benz,G-Class,N/A,3075,2015
Mercedes-Benz,GL-Class,N/A,24858,2015
Mercedes-Benz,GLA-Class,N/A,23393,2015
Mercedes-Benz,GLC-Class,N/A,507,2015
Mercedes-Benz,GLE-Class,N/A,14353,2015
Mercedes-Benz,GLK-Class,N/A,23029,2015
Mercedes-Benz,M-Class,N/A,32220,2015
Mitsubishi,Galant,N/A,0,2015
Mitsubishi,i-MIEV,N/A,106,2015
Mitsubishi,Lancer,N/A,16367,2015
Mitsubishi,Mirage,N/A,20253,2015
Mitsubishi,Outlander,N/A,17119,2015
Mitsubishi,Outlander,Sport,33610,2015
Infiniti,Q40,N/A,8574,2015
Infiniti,Q50,N/A,39196,2015
Infiniti,Q60,N/A,3659,2015
Infiniti,Q70,N/A,7663,2015
Infiniti,QX50,N/A,4015,2015
Infiniti,QX60,N/A,36783,2015
Infiniti,QX70,N/A,5040,2015
Infiniti,QX80,N/A,13475,2015
Nissan,370Z,N/A,6910,2015
Nissan,Altima,N/A,303936,2015
Nissan,Cube,N/A,930,2015
Nissan,GT-R,N/A,1021,2015
Nissan,Leaf,N/A,15922,2015
Nissan,Maxima,N/A,35588,2015
Nissan,Sentra,N/A,183749,2015
Nissan,Versa,N/A,133470,2015
Nissan,Armada,N/A,11581,2015
Nissan,Frontier,N/A,57124,2015
Nissan,Juke,N/A,25163,2015
Nissan,Murano,N/A,55824,2015
Nissan,NV,N/A,15034,2015
Nissan,NV200,N/A,15536,2015
Nissan,Pathfinder,N/A,73675,2015
Nissan,Quest,N/A,9315,2015
Nissan,Rogue,N/A,260711,2015
Nissan,Titan,N/A,11122,2015
Nissan,Xterra,N/A,10602,2015
Subaru,BRZ,N/A,4883,2015
Subaru,Impreza,N/A,91371,2015
Subaru,Impreza,N/A,60726,2015
Subaru,Impreza,WRX/STI,30645,2015
Subaru,Legacy,N/A,54688,2015
Subaru,Outback,N/A,136227,2015
Subaru,XV,Crosstrek,80837,2015
Subaru,Forester,N/A,158395,2015
Subaru,Tribeca,N/A,0,2015
Lexus,CT200h,N/A,13193,2015
Lexus,ES,N/A,57113,2015
Lexus,GS,N/A,19694,2015
Lexus,IS,N/A,41402,2015
Lexus,LFA,N/A,8,2015
Lexus,LS,N/A,6311,2015
Lexus,RC,N/A,13073,2015
Lexus,GX460,N/A,22094,2015
Lexus,LX570,N/A,2992,2015
Lexus,NX,N/A,38630,2015
Lexus,RX,N/A,88711,2015
Scion,FR-S,N/A,9919,2015
Scion,iA,N/A,5797,2015
Scion,iM,N/A,3852,2015
Scion,iQ,N/A,480,2015
Scion,tC,N/A,15483,2015
Scion,xB,N/A,14337,2015
Scion,xD,N/A,786,2015
Toyota,Avalon,N/A,54247,2015
Toyota,Camry,N/A,392056,2015
Toyota,Corolla,N/A,330887,2015
Toyota,Mirai,N/A,57,2015
Toyota,Prius,N/A,107845,2015
Toyota,Prius,N/A,103676,2015
Toyota,Prius,Plug-In,4169,2015
Toyota,Prius,C,35623,2015
Toyota,Prius,V,26250,2015
Toyota,Venza,N/A,20950,2015
Toyota,Yaris,N/A,16402,2015
Toyota,4Runner,N/A,87081,2015
Toyota,FJ,Cruiser,226,2015
Toyota,Highlander,N/A,142815,2015
Toyota,Land,Cruiser,2337,2015
Toyota,RAV4,N/A,283546,2015
Toyota,Sequoia,N/A,11576,2015
Toyota,Sienna,N/A,125090,2015
Toyota,Tacoma,N/A,162370,2015
Toyota,Tundra,N/A,107730,2015
Audi,A3,N/A,32732,2015
Audi,A4,N/A,28405,2015
Audi,A4,Sedan,25841,2015
Audi,A4,Allroad,2564,2015
Audi,A5,N/A,11934,2015
Audi,A6,N/A,20394,2015
Audi,A7,N/A,6880,2015
Audi,A8,N/A,4566,2015
Audi,R8,N/A,480,2015
Audi,TT,N/A,929,2015
Audi,Q3,N/A,11728,2015
Audi,Q5,N/A,45949,2015
Audi,Q7,N/A,17806,2015
Porsche,911,N/A,9244,2015
Porsche,918,Spyder,203,2015
Porsche,Boxster,N/A,2887,2015
Porsche,Cayman,N/A,3361,2015
Porsche,Panamera,N/A,4729,2015
Porsche,Cayenne,N/A,15244,2015
Porsche,Macan,N/A,12151,2015
Volkswagen,Beetle,N/A,21356,2015
Volkswagen,Beetle,Coupe,12067,2015
Volkswagen,Beetle,Convertible,9289,2015
Volkswagen,CC,N/A,5643,2015
Volkswagen,Eos,N/A,2751,2015
Volkswagen,Golf,N/A,59593,2015
Volkswagen,Golf,GTI,21300,2015
Volkswagen,Golf,*,18066,2015
Volkswagen,Golf,SportWagen,13112,2015
Volkswagen,e-Golf,*,3623,2015
Volkswagen,Golf,R,3492,2015
Volkswagen,Jetta,N/A,117036,2015
Volkswagen,Jetta,Sedan,114365,2015
Volkswagen,Jetta,SportWagen,2671,2015
Volkswagen,Passat,N/A,74611,2015
Volkswagen,Routan,N/A,0,2015
Volkswagen,Tiguan,N/A,30943,2015
Volkswagen,Touareg,N/A,6551,2015
Volvo,C30,N/A,0,2015
Volvo,C70,N/A,7,2015
Volvo,S60,N/A,15220,2015
Volvo,S60,Cross Country,183,2015
Volvo,S80,N/A,1711,2015
Volvo,V60,N/A,4066,2015
Volvo,V60,Cross Country,2567,2015
Volvo,XC70,N/A,4686,2015
Volvo,XC60,N/A,22623,2015
Volvo,XC90,N/A,9642,2015
Tesla,Model S,N/A,22900,2015
Tesla,Model X,N/A,31,2015
BMW,2-Series,N/A,11904,2016
BMW,3-Series,N/A,49350,2016
BMW,4-Series,N/A,32288,2016
BMW,5-Series,N/A,33985,2016
BMW,6-Series,N/A,2937,2016
BMW,7-Series,N/A,8096,2016
BMW,i3,N/A,2667,2016
BMW,i8,N/A,613,2016
BMW,Z4,N/A,760,2016
BMW,X1,N/A,22750,2016
BMW,X3,N/A,35739,2016
BMW,X4,N/A,5156,2016
BMW,X5,N/A,35151,2016
BMW,X6,N/A,5754,2016
Mini,Cooper,N/A,29551,2016
Mini,Cooper,Hardtop,11522,2016
Mini,Cooper,Clubman,12082,2016
Mini,Cooper,Hardtop,14,2016
Mini,Cooper,Convertible,5933,2016
Mini,Countryman,N/A,8281,2016
Mini,Paceman,N/A,105,2016
Chrysler,200,N/A,55703,2016
Chrysler,300,N/A,59994,2016
Chrysler,Pacifica,N/A,490,2016
Chrysler,Town & Country,N/A,130298,2016
Dodge,Avenger,N/A,81,2016
Dodge,Challenger,N/A,56448,2016
Dodge,Charger,N/A,92208,2016
Dodge,Dart,N/A,56844,2016
Dodge,Viper,N/A,480,2016
Dodge,Grand Caravan,N/A,133200,2016
Dodge,Durango,N/A,70326,2016
Dodge,Journey,N/A,83622,2016
Jeep,Cherokee,N/A,169533,2016
Jeep,Compass,N/A,80455,2016
Jeep,Grand Cherokee,N/A,166803,2016
Jeep,Patriot,N/A,102239,2016
Jeep,Renegade,N/A,77539,2016
Jeep,Wrangler,N/A,146727,2016
Ram,Cargo,Van,11,2016
Ram,ProMaster,N/A,29057,2016
Ram,ProMaster,City,15929,2016
Ram,P/U,N/A,396543,2016
Alfa Romeo,4C,N/A,553,2016
Alfa Romeo,Giulia,N/A,0,2016
Fiat,500,N/A,12583,2016
Fiat,124 Spider,N/A,0,2016
Fiat,500L,N/A,4417,2016
Fiat,500X,N/A,11403,2016
Maserati,Ghibli,N/A,5117,2016
Maserati,GranTurismo,N/A,1274,2016
Maserati,Quattroporte,N/A,1484,2016
Maserati,Levante,N/A,0,2016
Ford,C-Max,N/A,14207,2016
Ford,Fiesta,N/A,38021,2016
Ford,Focus,N/A,175753,2016
Ford,Fusion,N/A,262479,2016
Ford,GT,N/A,0,2016
Ford,Mustang,N/A,105476,2016
Ford,Taurus,N/A,47096,2016
Ford,E-Series,N/A,44268,2016
Ford,Edge,N/A,125976,2016
Ford,Escape,N/A,250579,2016
Ford,Expedition,N/A,37356,2016
Ford,Explorer,N/A,221953,2016
Ford,F-Series,N/A,651424,2016
Ford,Flex,N/A,22488,2016
Ford,Transit,N/A,126077,2016
Ford,Transit,Connect,35238,2016
Lincoln,Continental,N/A,0,2016
Lincoln,MKS,N/A,6713,2016
Lincoln,MKZ,N/A,22939,2016
Lincoln,MKC,N/A,17983,2016
Lincoln,MKT,N/A,3952,2016
Lincoln,MKX,N/A,25193,2016
Lincoln,Navigator,N/A,10388,2016
Buick,Cascada,N/A,4890,2016
Buick,LaCrosse,N/A,31413,2016
Buick,Regal,N/A,19380,2016
Buick,Verano,N/A,28788,2016
Buick,Enclave,N/A,45269,2016
Buick,Encore,N/A,60267,2016
Buick,Envision,N/A,0,2016
Cadillac,ATS,N/A,15810,2016
Cadillac,CT6,N/A,123,2016
Cadillac,CTS,N/A,13906,2016
Cadillac,ELR,N/A,917,2016
Cadillac,XTS,N/A,20556,2016
Cadillac,Escalade,N/A,28375,2016
Cadillac,Escalade,N/A,17574,2016
Cadillac,Escalade,ESV,10801,2016
Cadillac,SRX,N/A,45031,2016
Cadillac,XT5,N/A,0,2016
Chevrolet,Bolt,N/A,0,2016
Chevrolet,Camaro,N/A,65034,2016
Chevrolet,Caprice PPV,N/A,648,2016
Chevrolet,Corvette,N/A,22295,2016
Chevrolet,Cruze,N/A,130344,2016
Chevrolet,Impala,N/A,106939,2016
Chevrolet,Malibu,N/A,203777,2016
Chevrolet,Sonic,N/A,44195,2016
Chevrolet,Spark,N/A,18043,2016
Chevrolet,SS,N/A,1887,2016
Chevrolet,Volt,N/A,13955,2016
Chevrolet,City Express,N/A,9149,2016
Chevrolet,Colorado,N/A,79170,2016
Chevrolet,Equinox,N/A,209577,2016
Chevrolet,Express,N/A,47303,2016
Chevrolet,Silverado,N/A,451378,2016
Chevrolet,Suburban,N/A,37377,2016
Chevrolet,Tahoe,N/A,71229,2016
Chevrolet,Traverse,N/A,94217,2016
Chevrolet,Trax,N/A,48045,2016
GMC,Acadia,N/A,64999,2016
GMC,Canyon,N/A,26520,2016
GMC,Savana,N/A,14434,2016
GMC,Sierra,N/A,178959,2016
GMC,Terrain,N/A,83853,2016
GMC,Yukon,N/A,31448,2016
GMC,Yukon,XL,23457,2016
Acura,ILX,N/A,15005,2016
Acura,NSX,N/A,0,2016
Acura,RLX,N/A,1159,2016
Acura,TLX,N/A,31805,2016
Acura,TSX,N/A,7,2016
Acura,MDX,N/A,41846,2016
Acura,RDX,N/A,42742,2016
Honda,Accord,N/A,269756,2016
Honda,Civic,N/A,305561,2016
Honda,Crosstour,N/A,1981,2016
Honda,CR-Z,N/A,1691,2016
Honda,FCX Clarity,N/A,0,2016
Honda,Fit,N/A,40296,2016
Honda,Insight,N/A,74,2016
Honda,CR-V,N/A,249158,2016
Honda,HR-V,N/A,54303,2016
Honda,Odyssey,N/A,96037,2016
Honda,Pilot,N/A,100541,2016
Honda,Ridgeline,N/A,4,2016
Genesis,G80,N/A,0,2016
Genesis,G90,N/A,0,2016
Hyundai,Accent,N/A,62391,2016
Hyundai,Azera,N/A,4743,2016
Hyundai,Elantra,N/A,137771,2016
Hyundai,Equus,N/A,2160,2016
Hyundai,Genesis,N/A,30258,2016
Hyundai,Ioniq,N/A,0,2016
Hyundai,Sonata,N/A,215100,2016
Hyundai,Veloster,N/A,22631,2016
Hyundai,Santa Fe,N/A,60260,2016
Hyundai,Tucson,N/A,71344,2016
Kia,Cadenza,N/A,5432,2016
Kia,Forte,N/A,83727,2016
Kia,K900,N/A,861,2016
Kia,Niro,N/A,0,2016
Kia,Optima,N/A,104188,2016
Kia,Rio,N/A,18781,2016
Kia,Soul,N/A,115766,2016
Kia,Sedona,N/A,35809,2016
Kia,Sorento,N/A,86426,2016
Kia,Sportage,N/A,61135,2016
Jaguar,F-Type,N/A,3934,2016
Jaguar,XE,N/A,0,2016
Jaguar,XF,N/A,9737,2016
Jaguar,XJ,N/A,3812,2016
Jaguar,XK,N/A,7,2016
Jaguar,F-Pace,N/A,0,2016
Land-Rover,Discovery,Sport,15281,2016
Land-Rover,LR2,N/A,7,2016
Land-Rover,LR4,N/A,12117,2016
Land-Rover,Range,N/A,16818,2016
Land-Rover,Range-Rover,Evoque,9163,2016
Land-Rover,Range-Rover,Sport,19432,2016
Mazda,3,N/A,77466,2016
Mazda,6,N/A,35991,2016
Mazda,MX-5,Miata,8432,2016
Mazda,CX-3,N/A,17210,2016
Mazda,CX-5,N/A,82625,2016
Mazda,CX-9,N/A,3815,2016
Mazda,5,N/A,718,2016
Smart,Fortwo,N/A,4550,2016
Mercedes-Benz,Sprinter,N/A,20517,2016
Mercedes-Benz,Metris,N/A,4823,2016
Mercedes-AMG,GT,N/A,1260,2016
Mercedes-Benz,B-Class,N/A,564,2016
Mercedes-Benz,C-Class,N/A,62437,2016
Mercedes-Benz,CLA-Class,N/A,24094,2016
Mercedes-Benz,CLS-Class,N/A,3588,2016
Mercedes-Benz,E-Class,N/A,29960,2016
Mercedes-Benz,S-Class,N/A,14585,2016
Mercedes-Benz,SL-Class,N/A,3105,2016
Mercedes-Benz,SLC-Class,N/A,2975,2016
Mercedes-Benz,SLS,AMG,4,2016
Mercedes-Benz,G-Class,N/A,3406,2016
Mercedes-Benz,GLS-Class,N/A,13580,2016
Mercedes-Benz,GLA-Class,N/A,23951,2016
Mercedes-Benz,GLC-Class,N/A,38493,2016
Mercedes-Benz,GLE-Class,N/A,43194,2016
Mitsubishi,I MIEV,N/A,28,2016
Mitsubishi,Lancer,N/A,19089,2016
Mitsubishi,Mirage,N/A,21812,2016
Mitsubishi,Outlander,N/A,20370,2016
Mitsubishi,Outlander,Sport,26943,2016
Infiniti,Q40,N/A,168,2016
Infiniti,Q50,N/A,41538,2016
Infiniti,Q60,N/A,1432,2016
Infiniti,Q70,N/A,5471,2016
Infiniti,QX30,N/A,0,2016
Infiniti,QX50,N/A,13657,2016
Infiniti,QX60,N/A,31525,2016
Infiniti,QX70,N/A,6332,2016
Infiniti,QX80,N/A,14189,2016
Nissan,370Z,N/A,4704,2016
Nissan,Altima,N/A,298662,2016
Nissan,Cube,N/A,46,2016
Nissan,GT-R,N/A,567,2016
Nissan,Leaf,N/A,10259,2016
Nissan,Maxima,N/A,56788,2016
Nissan,Sentra,N/A,220304,2016
Nissan,Versa,N/A,127747,2016
Nissan,Armada,N/A,9968,2016
Nissan,Frontier,N/A,74883,2016
Nissan,Juke,N/A,20549,2016
Nissan,Murano,N/A,75663,2016
Nissan,NV,N/A,15810,2016
Nissan,NV200,N/A,18732,2016
Nissan,Pathfinder,N/A,78428,2016
Nissan,Quest,N/A,20125,2016
Nissan,Rogue,N/A,241626,2016
Nissan,Titan,N/A,11449,2016
Nissan,Xterra,N/A,98,2016
Subaru,BRZ,N/A,4239,2016
Subaru,Impreza,N/A,75110,2016
Subaru,Impreza,N/A,49025,2016
Subaru,Impreza,WRX/STI,26086,2016
Subaru,Legacy,N/A,50673,2016
Subaru,Crosstrek,N/A,68425,2016
Subaru,Forester,N/A,134495,2016
Subaru,Outback,N/A,130449,2016
Lexus,CT,N/A,8246,2016
Lexus,ES,N/A,45563,2016
Lexus,GS,N/A,13962,2016
Lexus,IS,N/A,30863,2016
Lexus,LFA,N/A,18,2016
Lexus,LS,N/A,4340,2016
Lexus,RC,N/A,10042,2016
Lexus,GX,N/A,18267,2016
Lexus,LX,N/A,5376,2016
Lexus,NX,N/A,39813,2016
Lexus,RX,N/A,83286,2016
Scion,iQ,N/A,11,2016
Scion,tC,N/A,9664,2016
Scion,xB,N/A,7371,2016
Scion,xD,N/A,25,2016
Toyota,86/Scion,FR-S,6055,2016
Toyota,Avalon,N/A,42704,2016
Toyota,Camry,N/A,336858,2016
Toyota,Corolla,N/A,309701,2016
Toyota,Corolla,Sedan,294910,2016
Toyota,Corolla,iM,14791,2016
Toyota,Mirai,N/A,340,2016
Toyota,Prius,Family,111776,2016
Toyota,Prius,N/A,75793,2016
Toyota,Prius,*,75712,2016
Toyota,Prius,Prime,81,2016
Toyota,Prius,C,23216,2016
Toyota,Prius,V,12768,2016
Toyota,Yaris,N/A,35322,2016
Toyota,Yaris,iA,25932,2016
Toyota,Yaris,Hatchback,9391,2016
Toyota,4Runner,N/A,89499,2016
Toyota,FJ Cruiser,N/A,4,2016
Toyota,Highlander,N/A,135356,2016
Toyota,Land Cruiser,N/A,2688,2016
Toyota,RAV4,N/A,266427,2016
Toyota,Sequoia,N/A,10518,2016
Toyota,Sienna,N/A,120852,2016
Toyota,Tacoma,N/A,156016,2016
Toyota,Tundra,N/A,89373,2016
Toyota,Venza,N/A,1453,2016
Audi,A3,N/A,26264,2016
Audi,A4,N/A,23898,2016
Audi,A4,Sedan,22323,2016
Audi,A4,Allroad,1575,2016
Audi,A5,N/A,6654,2016
Audi,A6,N/A,11753,2016
Audi,A7,N/A,5131,2016
Audi,A8,N/A,3448,2016
Audi,R8,N/A,95,2016
Audi,TT,N/A,2321,2016
Audi,Q3,N/A,11883,2016
Audi,Q5,N/A,30940,2016
Audi,Q7,N/A,24476,2016
Bentley,Continental Gt,N/A,588,2016
Bentley,Flying Spur,N/A,273,2016
Bentley,Mulsanne,N/A,56,2016
Bentley,Bentayga,N/A,0,2016
Porsche,911,N/A,7557,2016
Porsche,918 Spyder,N/A,4,2016
Porsche,Boxster,N/A,2398,2016
Porsche,Cayman,N/A,2832,2016
Porsche,Panamera,N/A,3371,2016
Porsche,Cayenne,N/A,14060,2016
Porsche,Macan,N/A,12614,2016
Volkswagen,Beetle,N/A,11617,2016
Volkswagen,Beetle,Coupe,7011,2016
Volkswagen,Beetle,Convertible,4606,2016
Volkswagen,CC,N/A,3469,2016
Volkswagen,Eos,N/A,1197,2016
Volkswagen,Golf,N/A,42466,2016
Volkswagen,Golf,GTI,17840,2016
Volkswagen,Golf,N/A,10297,2016
Volkswagen,Golf,Alltrack,0,2016
Volkswagen,Golf,SportWagen,8082,2016
Volkswagen,Golf,N/A,4106,2016
Volkswagen,e-Golf,N/A,2142,2016
Volkswagen,Jetta,N/A,98081,2016
Volkswagen,Jetta,N/A,98077,2016
Volkswagen,Jetta,SportWagen,4,2016
Volkswagen,Passat,N/A,49221,2016
Volkswagen,Tiguan,N/A,32522,2016
Volkswagen,Touareg,N/A,4029,2016
Volvo,S60,N/A,9223,2016
Volvo,S60,N/A,8708,2016
Volvo,S60,CC,515,2016
Volvo,S80,N/A,511,2016
Volvo,S90,N/A,0,2016
Volvo,V60,N/A,3948,2016
Volvo,V60,N/A,2545,2016
Volvo,V60,CC,1404,2016
Volvo,V90,CC,0,2016
Volvo,XC70,N/A,3357,2016
Volvo,XC60,N/A,12761,2016
Volvo,XC90,N/A,27465,2016
Tesla,Model,S,23100,2016
Tesla,Model,X,9450,2016
BMW,2-Series,N/A,7872,2017
BMW,3-Series,N/A,51230,2017
BMW,4-Series,N/A,28280,2017
BMW,5-Series,N/A,23244,2017
BMW,6-Series,N/A,2762,2017
BMW,7-Series,N/A,7361,2017
BMW,i3,N/A,4911,2017
BMW,i8,N/A,550,2017
BMW,Z4,N/A,942,2017
BMW,X1,N/A,25540,2017
BMW,X3,N/A,47492,2017
BMW,X4,N/A,3108,2017
BMW,X5,N/A,42252,2017
BMW,X6,N/A,5348,2017
Mini,Cooper,N/A,26513,2017
Mini,Cooper,Hardtop 2-Door,8988,2017
Mini,Cooper,Clubman,6276,2017
Mini,Cooper,Hardtop 4-Door,4603,2017
Mini,Cooper,Convertible,6647,2017
Mini,Countryman,N/A,9352,2017
Mini,Paceman,N/A,14,2017
Chrysler,200,N/A,23170,2017
Chrysler,300,N/A,52721,2017
Chrysler,Pacifica,N/A,87682,2017
Chrysler,Town & Country,N/A,1194,2017
Dodge,Avenger,N/A,0,2017
Dodge,Challenger,N/A,55038,2017
Dodge,Charger,N/A,78117,2017
Dodge,Dart,N/A,16303,2017
Dodge,Viper,N/A,623,2017
Dodge,Grand Caravan,N/A,140189,2017
Dodge,Durango,N/A,58552,2017
Dodge,Journey,N/A,120400,2017
Jeep,Cherokee,N/A,142643,2017
Jeep,Compass,N/A,29932,2017
Jeep,Grand Cherokee,N/A,198100,2017
Jeep,Patriot,N/A,56630,2017
Jeep,Renegade,N/A,88708,2017
Jeep,Wrangler,N/A,144589,2017
Ram,Cargo,Van,0,2017
Ram,ProMaster,N/A,35165,2017
Ram,ProMaster,City,11666,2017
Ram,P/U,N/A,417197,2017
Alfa Romeo,4C,N/A,490,2017
Alfa Romeo,Giulia,N/A,3381,2017
Fiat,500,N/A,14070,2017
Fiat,124 Spider,N/A,3364,2017
Fiat,500L,N/A,994,2017
Fiat,500X,N/A,6881,2017
Maserati,Ghibli,N/A,4953,2017
Maserati,GranTurismo,N/A,854,2017
Maserati,Quattroporte,N/A,1323,2017
Maserati,Levante,N/A,4358,2017
Ford,C-Max,N/A,12579,2017
Ford,Fiesta,N/A,45654,2017
Ford,Focus,N/A,128468,2017
Ford,Fusion,N/A,177751,2017
Ford,GT,N/A,18,2017
Ford,Mustang,N/A,78624,2017
Ford,Taurus,N/A,44401,2017
Ford,E-Series,N/A,42263,2017
Ford,Edge,N/A,111815,2017
Ford,Escape,N/A,267183,2017
Ford,Expedition,N/A,54047,2017
Ford,Explorer,N/A,219695,2017
Ford,F-Series,N/A,718484,2017
Ford,Flex,N/A,21287,2017
Ford,Transit,N/A,105991,2017
Ford,Transit,Connect,24360,2017
Lincoln,Continental,N/A,11232,2017
Lincoln,MKS,N/A,207,2017
Lincoln,MKZ,N/A,23251,2017
Lincoln,MKC,N/A,20689,2017
Lincoln,MKT,N/A,2688,2017
Lincoln,MKX,N/A,28021,2017
Lincoln,Navigator,N/A,8705,2017
Buick,Cascada,N/A,5047,2017
Buick,LaCrosse,N/A,17448,2017
Buick,Regal,N/A,11578,2017
Buick,Verano,N/A,7154,2017
Buick,Enclave,N/A,33030,2017
Buick,Encore,N/A,70277,2017
Buick,Envision,N/A,31185,2017
Cadillac,ATS,N/A,11711,2017
Cadillac,CT6,N/A,8414,2017
Cadillac,CTS,N/A,8701,2017
Cadillac,ELR,N/A,18,2017
Cadillac,XTS,N/A,16373,2017
Cadillac,Escalade,N/A,26268,2017
Cadillac,Escalade,ESV,11218,2017
Cadillac,SRX,N/A,364,2017
Cadillac,XT5,N/A,47089,2017
Chevrolet,Bolt,N/A,10822,2017
Chevrolet,Camaro,N/A,53543,2017
Chevrolet,Caprice PPV,N/A,389,2017
Chevrolet,Corvette,N/A,20314,2017
Chevrolet,Cruze,N/A,188731,2017
Chevrolet,Impala,N/A,77077,2017
Chevrolet,Malibu,N/A,122518,2017
Chevrolet,Sonic,N/A,26670,2017
Chevrolet,Spark,N/A,24990,2017
Chevrolet,SS,N/A,5352,2017
Chevrolet,Volt,N/A,19471,2017
Chevrolet,City,Express,6552,2017
Chevrolet,Colorado,N/A,78253,2017
Chevrolet,Equinox,N/A,219482,2017
Chevrolet,Express,N/A,53897,2017
Chevrolet,Silverado,N/A,449635,2017
Chevrolet,Suburban,N/A,47058,2017
Chevrolet,Tahoe,N/A,79286,2017
Chevrolet,Traverse,N/A,102732,2017
Chevrolet,Trax,N/A,64264,2017
GMC,Acadia,N/A,101892,2017
GMC,Canyon,N/A,26345,2017
GMC,Savana,N/A,23685,2017
GMC,Sierra,N/A,174335,2017
GMC,Terrain,N/A,79993,2017
GMC,Yukon,N/A,34944,2017
GMC,Yukon,XL,26446,2017
Acura,ILX,N/A,7896,2017
Acura,NSX,N/A,466,2017
Acura,RLX,N/A,1026,2017
Acura,TLX,N/A,24934,2017
Acura,TSX,N/A,0,2017
Acura,MDX,N/A,38346,2017
Acura,RDX,N/A,38500,2017
Honda,Accord,N/A,244353,2017
Honda,Civic,N/A,285789,2017
Honda,Crosstour,N/A,11,2017
Honda,CR-Z,N/A,1176,2017
Honda,FCX Clarity,N/A,322,2017
Honda,Fit,N/A,41657,2017
Honda,Insight,N/A,4,2017
Honda,CR-V,N/A,329200,2017
Honda,HR-V,N/A,68936,2017
Honda,Odyssey,N/A,73595,2017
Honda,Pilot,N/A,88284,2017
Honda,Ridgeline,N/A,34034,2017
Genesis,G80,N/A,13832,2017
Genesis,G90,N/A,4211,2017
Hyundai,Accent,N/A,51671,2017
Hyundai,Azera,N/A,3332,2017
Hyundai,Elantra,N/A,189707,2017
Hyundai,Equus,N/A,56,2017
Hyundai,Genesis,N/A,2443,2017
Hyundai,Ioniq,N/A,1162,2017
Hyundai,Sonata,N/A,132542,2017
Hyundai,Veloster,N/A,19418,2017
Hyundai,Santa Fe,N/A,98357,2017
Hyundai,Tucson,N/A,74043,2017
Kia,Cadenza,N/A,3938,2017
Kia,Forte,N/A,87717,2017
Kia,K900,N/A,378,2017
Kia,Niro,N/A,17112,2017
Kia,Optima,N/A,94308,2017
Kia,Rio,N/A,10752,2017
Kia,Soul,N/A,83720,2017
Kia,Sedona,N/A,22463,2017
Kia,Sorento,N/A,72713,2017
Kia,Sportage,N/A,53949,2017
Jaguar,F-Type,N/A,4081,2017
Jaguar,XE,N/A,10577,2017
Jaguar,XF,N/A,4498,2017
Jaguar,XJ,N/A,2317,2017
Jaguar,XK,N/A,0,2017
Jaguar,F-Pace,N/A,18344,2017
Land-Rover,Discovery,Sport,14798,2017
Land-Rover,LR2,N/A,0,2017
Land-Rover,LR4,N/A,1323,2017
Land-Rover,Range,N/A,19292,2017
Land-Rover,Range-Rover,Evoque,13174,2017
Land-Rover,Range-Rover,Sport,20976,2017
Mazda,3,N/A,72121,2017
Mazda,6,N/A,37422,2017
Mazda,MX-5,Miata,11837,2017
Mazda,CX-3,N/A,12999,2017
Mazda,CX-5,N/A,85309,2017
Mazda,CX-9,N/A,22043,2017
Mazda,5,N/A,18,2017
Smart,Fortwo,N/A,3714,2017
Mercedes-Benz,Sprinter,N/A,21669,2017
Mercedes-Benz,Metris,N/A,4347,2017
Mercedes-AMG,GT,N/A,970,2017
Mercedes-Benz,B-Class,N/A,557,2017
Mercedes-Benz,C-Class,N/A,72167,2017
Mercedes-Benz,CLA-Class,N/A,14035,2017
Mercedes-Benz,CLS-Class,N/A,1554,2017
Mercedes-Benz,E-Class,N/A,41552,2017
Mercedes-Benz,S-Class,N/A,12768,2017
Mercedes-Benz,SL-Class,N/A,2534,2017
Mercedes-Benz,SLC-Class,N/A,3028,2017
Mercedes-Benz,SLS,AMG,0,2017
Mercedes-Benz,G-Class,N/A,3518,2017
Mercedes-Benz,GLS-Class,N/A,27094,2017
Mercedes-Benz,GLA-Class,N/A,20703,2017
Mercedes-Benz,GLC-Class,N/A,31346,2017
Mercedes-Benz,GLE-Class,N/A,45171,2017
Mitsubishi,I MIEV,N/A,14,2017
Mitsubishi,Lancer,N/A,18274,2017
Mitsubishi,Mirage,N/A,26145,2017
Mitsubishi,Outlander,N/A,33558,2017
Mitsubishi,Outlander,Sport,24024,2017
Infiniti,Q40,N/A,0,2017
Infiniti,Q50,N/A,36575,2017
Infiniti,Q60,N/A,11799,2017
Infiniti,Q70,N/A,6867,2017
Infiniti,QX30,N/A,22862,2017
Infiniti,QX50,N/A,15113,2017
Infiniti,QX60,N/A,30338,2017
Infiniti,QX70,N/A,10168,2017
Infiniti,QX80,N/A,18743,2017
Nissan,370Z,N/A,4368,2017
Nissan,Altima,N/A,258948,2017
Nissan,Cube,N/A,0,2017
Nissan,GT-R,N/A,683,2017
Nissan,Leaf,N/A,11505,2017
Nissan,Maxima,N/A,54590,2017
Nissan,Sentra,N/A,179949,2017
Nissan,Versa,N/A,108763,2017
Nissan,Armada,N/A,25519,2017
Nissan,Frontier,N/A,54481,2017
Nissan,Juke,N/A,14308,2017
Nissan,Murano,N/A,60372,2017
Nissan,NV,N/A,15866,2017
Nissan,NV200,N/A,15733,2017
Nissan,Pathfinder,N/A,93520,2017
Nissan,Quest,N/A,13545,2017
Nissan,Rogue,N/A,354974,2017
Nissan,Titan,N/A,39533,2017
Nissan,Xterra,N/A,4,2017
Subaru,BRZ,N/A,3455,2017
Subaru,Impreza,N/A,91959,2017
Subaru,Impreza,N/A,65044,2017
Subaru,Impreza,WRX/STI,26915,2017
Subaru,Legacy,N/A,44461,2017
Subaru,Crosstrek,N/A,70833,2017
Subaru,Forester,N/A,145166,2017
Subaru,Outback,N/A,149002,2017
Lexus,CT,N/A,5922,2017
Lexus,ES,N/A,33271,2017
Lexus,GS,N/A,5933,2017
Lexus,IS,N/A,19964,2017
Lexus,LFA,N/A,0,2017
Lexus,LS,N/A,3304,2017
Lexus,RC,N/A,5464,2017
Lexus,GX,N/A,19299,2017
Lexus,LX,N/A,5219,2017
Lexus,NX,N/A,42340,2017
Lexus,RX,N/A,75744,2017
Scion,iQ,N/A,0,2017
Scion,tC,N/A,497,2017
Scion,xB,N/A,0,2017
Scion,xD,N/A,0,2017
Toyota,86/Scion,FR-S,6237,2017
Toyota,Avalon,N/A,30086,2017
Toyota,Camry,N/A,292107,2017
Toyota,Corolla,N/A,285023,2017
Toyota,Corolla,Sedan,266301,2017
Toyota,Corolla,iM,18722,2017
Toyota,Mirai,N/A,1089,2017
Toyota,Prius,Family,93219,2017
Toyota,Prius,N/A,70403,2017
Toyota,Prius,N/A,55192,2017
Toyota,Prius,Prime,15211,2017
Toyota,Prius,C,13650,2017
Toyota,Prius,V,9167,2017
Toyota,Yaris,N/A,44097,2017
Toyota,Yaris,iA,30923,2017
Toyota,Yaris,Hatchback,13174,2017
Toyota,4Runner,N/A,110796,2017
Toyota,FJ Cruiser,N/A,7,2017
Toyota,Highlander,N/A,163247,2017
Toyota,Land Cruiser,N/A,2786,2017
Toyota,RAV4,N/A,281866,2017
Toyota,Sequoia,N/A,12030,2017
Toyota,Sienna,N/A,91070,2017
Toyota,Tacoma,N/A,152226,2017
Toyota,Tundra,N/A,81270,2017
Toyota,Venza,N/A,32,2017
Audi,A3,N/A,21312,2017
Audi,A4,N/A,29953,2017
Audi,A4,Sedan,27965,2017
Audi,A4,Allroad,2023,2017
Audi,A5,N/A,4589,2017
Audi,A6,N/A,12873,2017
Audi,A7,N/A,4991,2017
Audi,A8,N/A,2776,2017
Audi,R8,N/A,697,2017
Audi,TT,N/A,2174,2017
Audi,Q3,N/A,14357,2017
Audi,Q5,N/A,39592,2017
Audi,Q7,N/A,26418,2017
Bentley,Continental GT,GT,910,2017
Bentley,Flying Spur,Spur,203,2017
Bentley,Mulsanne,N/A,88,2017
Bentley,Bentayga,N/A,732,2017
Porsche,911,N/A,7063,2017
Porsche,918 Spyder,N/A,0,2017
Porsche,Boxster,N/A,1533,2017
Porsche,Cayman,N/A,2338,2017
Porsche,Panamera,N/A,2160,2017
Porsche,Cayenne,N/A,12740,2017
Porsche,Macan,N/A,18680,2017
Volkswagen,Beetle,N/A,13678,2017
Volkswagen,Beetle,Coupe,8274,2017
Volkswagen,Beetle,Convertible,5404,2017
Volkswagen,CC,N/A,1967,2017
Volkswagen,Eos,N/A,0,2017
Volkswagen,Golf,N/A,62920,2017
Volkswagen,Golf,GTI,19618,2017
Volkswagen,Golf,Alltrack,16587,2017
Volkswagen,Golf,SportWagen,6521,2017
Volkswagen,Golf,R,5114,2017
Volkswagen,e-Golf,N/A,3385,2017
Volkswagen,Jetta,N/A,85971,2017
Volkswagen,Jetta,N/A,85971,2017
Volkswagen,Jetta,SportWagen,0,2017
Volkswagen,Passat,N/A,63935,2017
Volkswagen,Tiguan,N/A,35739,2017
Volkswagen,Touareg,N/A,2807,2017
Volvo,S60,N/A,10318,2017
Volvo,S60,N/A,10178,2017
Volvo,S60,CC,140,2017
Volvo,S80,N/A,11,2017
Volvo,S90,N/A,3644,2017
Volvo,V60,N/A,3493,2017
Volvo,V60,N/A,1964,2017
Volvo,V60,CC,1530,2017
Volvo,V90,CC,473,2017
Volvo,XC70,N/A,175,2017
Volvo,XC60,N/A,13076,2017
Volvo,XC90,N/A,15988,2017
Tesla,Model S,S,21000,2017
Tesla,Model X,X,15050,2017